Sex,Number,measurement,value
F,1,Length,0.68
F,1,Diameter,0.55
F,1,Height,0.21
F,1,Whole_Weight,1.7445
F,1,Shucked_Weight,0.5975
F,1,Viscera_Weight,0.305
F,1,Shell_Weight,0.625
F,1,NumberRings,17
I,2,Length,0.32
I,2,Diameter,0.245
I,2,Height,0.08
I,2,Whole_Weight,0.1585
I,2,Shucked_Weight,0.0635
I,2,Viscera_Weight,0.0325
I,2,Shell_Weight,0.05
I,2,NumberRings,13
F,3,Length,0.62
F,3,Diameter,0.435
F,3,Height,0.155
F,3,Whole_Weight,1.012
F,3,Shucked_Weight,0.477
F,3,Viscera_Weight,0.236
F,3,Shell_Weight,0.275
F,3,NumberRings,8
I,4,Length,0.335
I,4,Diameter,0.255
I,4,Height,0.08
I,4,Whole_Weight,0.168
I,4,Shucked_Weight,0.079
I,4,Viscera_Weight,0.0355
I,4,Shell_Weight,0.05
I,4,NumberRings,5
M,5,Length,0.685
M,5,Diameter,0.52
M,5,Height,0.15
M,5,Whole_Weight,1.3735
M,5,Shucked_Weight,0.7185
M,5,Viscera_Weight,0.293
M,5,Shell_Weight,0.32
M,5,NumberRings,11
I,6,Length,0.52
I,6,Diameter,0.395
I,6,Height,0.125
I,6,Whole_Weight,0.663
I,6,Shucked_Weight,0.3005
I,6,Viscera_Weight,0.131
I,6,Shell_Weight,0.1905
I,6,NumberRings,9
M,7,Length,0.585
M,7,Diameter,0.465
M,7,Height,0.16
M,7,Whole_Weight,0.9555
M,7,Shucked_Weight,0.4595
M,7,Viscera_Weight,0.236
M,7,Shell_Weight,0.265
M,7,NumberRings,7
I,8,Length,0.495
I,8,Diameter,0.38
I,8,Height,0.13
I,8,Whole_Weight,0.5125
I,8,Shucked_Weight,0.2185
I,8,Viscera_Weight,0.116
I,8,Shell_Weight,0.16
I,8,NumberRings,7
M,9,Length,0.585
M,9,Diameter,0.455
M,9,Height,0.225
M,9,Whole_Weight,1.055
M,9,Shucked_Weight,0.3815
M,9,Viscera_Weight,0.221
M,9,Shell_Weight,0.365
M,9,NumberRings,15
F,10,Length,0.63
F,10,Diameter,0.49
F,10,Height,0.17
F,10,Whole_Weight,1.2155
F,10,Shucked_Weight,0.4625
F,10,Viscera_Weight,0.2045
F,10,Shell_Weight,0.3105
F,10,NumberRings,10
I,11,Length,0.585
I,11,Diameter,0.45
I,11,Height,0.15
I,11,Whole_Weight,0.8915
I,11,Shucked_Weight,0.3975
I,11,Viscera_Weight,0.2035
I,11,Shell_Weight,0.253
I,11,NumberRings,8
I,12,Length,0.41
I,12,Diameter,0.315
I,12,Height,0.095
I,12,Whole_Weight,0.2805
I,12,Shucked_Weight,0.114
I,12,Viscera_Weight,0.0345
I,12,Shell_Weight,0.11
I,12,NumberRings,7
F,13,Length,0.53
F,13,Diameter,0.415
F,13,Height,0.15
F,13,Whole_Weight,0.7775
F,13,Shucked_Weight,0.237
F,13,Viscera_Weight,0.1415
F,13,Shell_Weight,0.33
F,13,NumberRings,20
F,14,Length,0.425
F,14,Diameter,0.325
F,14,Height,0.135
F,14,Whole_Weight,0.382
F,14,Shucked_Weight,0.1465
F,14,Viscera_Weight,0.079
F,14,Shell_Weight,0.14
F,14,NumberRings,12
M,15,Length,0.605
M,15,Diameter,0.445
M,15,Height,0.14
M,15,Whole_Weight,0.982
M,15,Shucked_Weight,0.4295
M,15,Viscera_Weight,0.2085
M,15,Shell_Weight,0.295
M,15,NumberRings,12
M,16,Length,0.465
M,16,Diameter,0.36
M,16,Height,0.11
M,16,Whole_Weight,0.4955
M,16,Shucked_Weight,0.2665
M,16,Viscera_Weight,0.085
M,16,Shell_Weight,0.121
M,16,NumberRings,7
F,17,Length,0.6
F,17,Diameter,0.475
F,17,Height,0.155
F,17,Whole_Weight,1.21
F,17,Shucked_Weight,0.653
F,17,Viscera_Weight,0.1695
F,17,Shell_Weight,0.3205
F,17,NumberRings,10
F,18,Length,0.58
F,18,Diameter,0.45
F,18,Height,0.15
F,18,Whole_Weight,0.92
F,18,Shucked_Weight,0.393
F,18,Viscera_Weight,0.212
F,18,Shell_Weight,0.2895
F,18,NumberRings,9
F,19,Length,0.545
F,19,Diameter,0.385
F,19,Height,0.15
F,19,Whole_Weight,1.1185
F,19,Shucked_Weight,0.5425
F,19,Viscera_Weight,0.2445
F,19,Shell_Weight,0.2845
F,19,NumberRings,9
M,20,Length,0.7
M,20,Diameter,0.53
M,20,Height,0.19
M,20,Whole_Weight,1.3185
M,20,Shucked_Weight,0.548
M,20,Viscera_Weight,0.233
M,20,Shell_Weight,0.42
M,20,NumberRings,18
I,21,Length,0.46
I,21,Diameter,0.345
I,21,Height,0.11
I,21,Whole_Weight,0.3755
I,21,Shucked_Weight,0.1525
I,21,Viscera_Weight,0.058
I,21,Shell_Weight,0.125
I,21,NumberRings,7
F,22,Length,0.67
F,22,Diameter,0.55
F,22,Height,0.19
F,22,Whole_Weight,1.3905
F,22,Shucked_Weight,0.5425
F,22,Viscera_Weight,0.3035
F,22,Shell_Weight,0.4
F,22,NumberRings,12
M,23,Length,0.37
M,23,Diameter,0.28
M,23,Height,0.1
M,23,Whole_Weight,0.252
M,23,Shucked_Weight,0.1065
M,23,Viscera_Weight,0.0595
M,23,Shell_Weight,0.074
M,23,NumberRings,8
F,24,Length,0.635
F,24,Diameter,0.495
F,24,Height,0.015
F,24,Whole_Weight,1.1565
F,24,Shucked_Weight,0.5115
F,24,Viscera_Weight,0.308
F,24,Shell_Weight,0.2885
F,24,NumberRings,9
M,25,Length,0.535
M,25,Diameter,0.42
M,25,Height,0.145
M,25,Whole_Weight,0.791
M,25,Shucked_Weight,0.33
M,25,Viscera_Weight,0.189
M,25,Shell_Weight,0.25
M,25,NumberRings,10
M,26,Length,0.59
M,26,Diameter,0.47
M,26,Height,0.18
M,26,Whole_Weight,1.1235
M,26,Shucked_Weight,0.4205
M,26,Viscera_Weight,0.2805
M,26,Shell_Weight,0.36
M,26,NumberRings,13
I,27,Length,0.55
I,27,Diameter,0.425
I,27,Height,0.135
I,27,Whole_Weight,0.656
I,27,Shucked_Weight,0.257
I,27,Viscera_Weight,0.17
I,27,Shell_Weight,0.203
I,27,NumberRings,10
M,28,Length,0.7
M,28,Diameter,0.575
M,28,Height,0.19
M,28,Whole_Weight,2.273
M,28,Shucked_Weight,1.095
M,28,Viscera_Weight,0.418
M,28,Shell_Weight,0.638
M,28,NumberRings,12
I,29,Length,0.455
I,29,Diameter,0.335
I,29,Height,0.135
I,29,Whole_Weight,0.501
I,29,Shucked_Weight,0.274
I,29,Viscera_Weight,0.0995
I,29,Shell_Weight,0.1065
I,29,NumberRings,7
I,30,Length,0.36
I,30,Diameter,0.27
I,30,Height,0.095
I,30,Whole_Weight,0.2
I,30,Shucked_Weight,0.073
I,30,Viscera_Weight,0.056
I,30,Shell_Weight,0.061
I,30,NumberRings,8
M,31,Length,0.625
M,31,Diameter,0.495
M,31,Height,0.175
M,31,Whole_Weight,1.2075
M,31,Shucked_Weight,0.531
M,31,Viscera_Weight,0.281
M,31,Shell_Weight,0.3525
M,31,NumberRings,11
M,32,Length,0.63
M,32,Diameter,0.51
M,32,Height,0.23
M,32,Whole_Weight,1.539
M,32,Shucked_Weight,0.5635
M,32,Viscera_Weight,0.2815
M,32,Shell_Weight,0.57
M,32,NumberRings,17
I,33,Length,0.38
I,33,Diameter,0.275
I,33,Height,0.11
I,33,Whole_Weight,0.256
I,33,Shucked_Weight,0.11
I,33,Viscera_Weight,0.0535
I,33,Shell_Weight,0.0755
I,33,NumberRings,6
I,34,Length,0.44
I,34,Diameter,0.34
I,34,Height,0.105
I,34,Whole_Weight,0.369
I,34,Shucked_Weight,0.164
I,34,Viscera_Weight,0.08
I,34,Shell_Weight,0.1015
I,34,NumberRings,5
I,35,Length,0.52
I,35,Diameter,0.41
I,35,Height,0.11
I,35,Whole_Weight,0.5185
I,35,Shucked_Weight,0.2165
I,35,Viscera_Weight,0.0915
I,35,Shell_Weight,0.184
I,35,NumberRings,8
I,36,Length,0.44
I,36,Diameter,0.33
I,36,Height,0.135
I,36,Whole_Weight,0.522
I,36,Shucked_Weight,0.17
I,36,Viscera_Weight,0.0905
I,36,Shell_Weight,0.195
I,36,NumberRings,16
M,37,Length,0.615
M,37,Diameter,0.48
M,37,Height,0.19
M,37,Whole_Weight,1.36
M,37,Shucked_Weight,0.5305
M,37,Viscera_Weight,0.2375
M,37,Shell_Weight,0.47
M,37,NumberRings,18
F,38,Length,0.52
F,38,Diameter,0.405
F,38,Height,0.12
F,38,Whole_Weight,0.627
F,38,Shucked_Weight,0.2645
F,38,Viscera_Weight,0.1415
F,38,Shell_Weight,0.181
F,38,NumberRings,11
I,39,Length,0.31
I,39,Diameter,0.24
I,39,Height,0.105
I,39,Whole_Weight,0.2885
I,39,Shucked_Weight,0.118
I,39,Viscera_Weight,0.065
I,39,Shell_Weight,0.083
I,39,NumberRings,6
M,40,Length,0.195
M,40,Diameter,0.145
M,40,Height,0.05
M,40,Whole_Weight,0.032
M,40,Shucked_Weight,0.01
M,40,Viscera_Weight,0.008
M,40,Shell_Weight,0.012
M,40,NumberRings,4
M,41,Length,0.695
M,41,Diameter,0.56
M,41,Height,0.185
M,41,Whole_Weight,1.74
M,41,Shucked_Weight,0.885
M,41,Viscera_Weight,0.3715
M,41,Shell_Weight,0.4375
M,41,NumberRings,10
M,42,Length,0.62
M,42,Diameter,0.495
M,42,Height,0.195
M,42,Whole_Weight,1.5145
M,42,Shucked_Weight,0.579
M,42,Viscera_Weight,0.346
M,42,Shell_Weight,0.5195
M,42,NumberRings,15
I,43,Length,0.395
I,43,Diameter,0.325
I,43,Height,0.105
I,43,Whole_Weight,0.306
I,43,Shucked_Weight,0.111
I,43,Viscera_Weight,0.0735
I,43,Shell_Weight,0.095
I,43,NumberRings,8
I,44,Length,0.495
I,44,Diameter,0.38
I,44,Height,0.145
I,44,Whole_Weight,0.515
I,44,Shucked_Weight,0.175
I,44,Viscera_Weight,0.098
I,44,Shell_Weight,0.212
I,44,NumberRings,13
M,45,Length,0.58
M,45,Diameter,0.45
M,45,Height,0.14
M,45,Whole_Weight,1.013
M,45,Shucked_Weight,0.38
M,45,Viscera_Weight,0.216
M,45,Shell_Weight,0.36
M,45,NumberRings,14
M,46,Length,0.565
M,46,Diameter,0.435
M,46,Height,0.15
M,46,Whole_Weight,0.99
M,46,Shucked_Weight,0.5795
M,46,Viscera_Weight,0.1825
M,46,Shell_Weight,0.206
M,46,NumberRings,8
M,47,Length,0.655
M,47,Diameter,0.54
M,47,Height,0.215
M,47,Whole_Weight,1.844
M,47,Shucked_Weight,0.7425
M,47,Viscera_Weight,0.327
M,47,Shell_Weight,0.585
M,47,NumberRings,22
F,48,Length,0.565
F,48,Diameter,0.455
F,48,Height,0.15
F,48,Whole_Weight,0.8205
F,48,Shucked_Weight,0.365
F,48,Viscera_Weight,0.159
F,48,Shell_Weight,0.26
F,48,NumberRings,18
F,49,Length,0.585
F,49,Diameter,0.465
F,49,Height,0.14
F,49,Whole_Weight,0.908
F,49,Shucked_Weight,0.381
F,49,Viscera_Weight,0.1615
F,49,Shell_Weight,0.315
F,49,NumberRings,13
M,50,Length,0.615
M,50,Diameter,0.525
M,50,Height,0.155
M,50,Whole_Weight,1.1375
M,50,Shucked_Weight,0.367
M,50,Viscera_Weight,0.236
M,50,Shell_Weight,0.37
M,50,NumberRings,20
F,51,Length,0.36
F,51,Diameter,0.265
F,51,Height,0.09
F,51,Whole_Weight,0.2065
F,51,Shucked_Weight,0.078
F,51,Viscera_Weight,0.057
F,51,Shell_Weight,0.06
F,51,NumberRings,8
I,52,Length,0.565
I,52,Diameter,0.435
I,52,Height,0.145
I,52,Whole_Weight,0.8445
I,52,Shucked_Weight,0.3975
I,52,Viscera_Weight,0.158
I,52,Shell_Weight,0.255
I,52,NumberRings,9
I,53,Length,0.27
I,53,Diameter,0.195
I,53,Height,0.06
I,53,Whole_Weight,0.073
I,53,Shucked_Weight,0.0285
I,53,Viscera_Weight,0.0235
I,53,Shell_Weight,0.03
I,53,NumberRings,5
I,54,Length,0.27
I,54,Diameter,0.19
I,54,Height,0.08
I,54,Whole_Weight,0.081
I,54,Shucked_Weight,0.0265
I,54,Viscera_Weight,0.0195
I,54,Shell_Weight,0.03
I,54,NumberRings,6
M,55,Length,0.6
M,55,Diameter,0.465
M,55,Height,0.155
M,55,Whole_Weight,1.0165
M,55,Shucked_Weight,0.512
M,55,Viscera_Weight,0.2465
M,55,Shell_Weight,0.225
M,55,NumberRings,10
M,56,Length,0.595
M,56,Diameter,0.455
M,56,Height,0.195
M,56,Whole_Weight,1.3305
M,56,Shucked_Weight,0.4595
M,56,Viscera_Weight,0.3235
M,56,Shell_Weight,0.345
M,56,NumberRings,19
M,57,Length,0.63
M,57,Diameter,0.465
M,57,Height,0.15
M,57,Whole_Weight,1.027
M,57,Shucked_Weight,0.537
M,57,Viscera_Weight,0.188
M,57,Shell_Weight,0.176
M,57,NumberRings,8
M,58,Length,0.545
M,58,Diameter,0.39
M,58,Height,0.135
M,58,Whole_Weight,0.7835
M,58,Shucked_Weight,0.4225
M,58,Viscera_Weight,0.1815
M,58,Shell_Weight,0.156
M,58,NumberRings,7
F,59,Length,0.48
F,59,Diameter,0.38
F,59,Height,0.145
F,59,Whole_Weight,0.59
F,59,Shucked_Weight,0.232
F,59,Viscera_Weight,0.141
F,59,Shell_Weight,0.23
F,59,NumberRings,12
F,60,Length,0.61
F,60,Diameter,0.495
F,60,Height,0.16
F,60,Whole_Weight,1.089
F,60,Shucked_Weight,0.469
F,60,Viscera_Weight,0.198
F,60,Shell_Weight,0.384
F,60,NumberRings,11
M,61,Length,0.77
M,61,Diameter,0.6
M,61,Height,0.215
M,61,Whole_Weight,2.1945
M,61,Shucked_Weight,1.0515
M,61,Viscera_Weight,0.482
M,61,Shell_Weight,0.584
M,61,NumberRings,10
M,62,Length,0.61
M,62,Diameter,0.48
M,62,Height,0.14
M,62,Whole_Weight,1.0625
M,62,Shucked_Weight,0.516
M,62,Viscera_Weight,0.225
M,62,Shell_Weight,0.2915
M,62,NumberRings,11
F,63,Length,0.66
F,63,Diameter,0.53
F,63,Height,0.185
F,63,Whole_Weight,1.346
F,63,Shucked_Weight,0.546
F,63,Viscera_Weight,0.2705
F,63,Shell_Weight,0.476
F,63,NumberRings,11
I,64,Length,0.415
I,64,Diameter,0.325
I,64,Height,0.1
I,64,Whole_Weight,0.3335
I,64,Shucked_Weight,0.1445
I,64,Viscera_Weight,0.0715
I,64,Shell_Weight,0.095
I,64,NumberRings,7
I,65,Length,0.55
I,65,Diameter,0.425
I,65,Height,0.15
I,65,Whole_Weight,0.7665
I,65,Shucked_Weight,0.339
I,65,Viscera_Weight,0.176
I,65,Shell_Weight,0.21
I,65,NumberRings,8
F,66,Length,0.61
F,66,Diameter,0.47
F,66,Height,0.16
F,66,Whole_Weight,1.0745
F,66,Shucked_Weight,0.4925
F,66,Viscera_Weight,0.236
F,66,Shell_Weight,0.29
F,66,NumberRings,8
F,67,Length,0.57
F,67,Diameter,0.45
F,67,Height,0.17
F,67,Whole_Weight,1.098
F,67,Shucked_Weight,0.414
F,67,Viscera_Weight,0.187
F,67,Shell_Weight,0.405
F,67,NumberRings,20
I,68,Length,0.575
I,68,Diameter,0.45
I,68,Height,0.125
I,68,Whole_Weight,0.78
I,68,Shucked_Weight,0.3275
I,68,Viscera_Weight,0.188
I,68,Shell_Weight,0.235
I,68,NumberRings,9
I,69,Length,0.33
I,69,Diameter,0.265
I,69,Height,0.09
I,69,Whole_Weight,0.18
I,69,Shucked_Weight,0.068
I,69,Viscera_Weight,0.036
I,69,Shell_Weight,0.06
I,69,NumberRings,6
F,70,Length,0.4
F,70,Diameter,0.305
F,70,Height,0.16
F,70,Whole_Weight,0.368
F,70,Shucked_Weight,0.173
F,70,Viscera_Weight,0.0705
F,70,Shell_Weight,0.105
F,70,NumberRings,7
I,71,Length,0.525
I,71,Diameter,0.4
I,71,Height,0.145
I,71,Whole_Weight,0.6095
I,71,Shucked_Weight,0.248
I,71,Viscera_Weight,0.159
I,71,Shell_Weight,0.175
I,71,NumberRings,9
F,72,Length,0.67
F,72,Diameter,0.55
F,72,Height,0.155
F,72,Whole_Weight,1.566
F,72,Shucked_Weight,0.858
F,72,Viscera_Weight,0.339
F,72,Shell_Weight,0.354
F,72,NumberRings,10
I,73,Length,0.34
I,73,Diameter,0.25
I,73,Height,0.075
I,73,Whole_Weight,0.1765
I,73,Shucked_Weight,0.0785
I,73,Viscera_Weight,0.0405
I,73,Shell_Weight,0.05
I,73,NumberRings,7
M,74,Length,0.415
M,74,Diameter,0.345
M,74,Height,0.135
M,74,Whole_Weight,0.3865
M,74,Shucked_Weight,0.128
M,74,Viscera_Weight,0.07
M,74,Shell_Weight,0.148
M,74,NumberRings,13
I,75,Length,0.275
I,75,Diameter,0.2
I,75,Height,0.065
I,75,Whole_Weight,0.1035
I,75,Shucked_Weight,0.0475
I,75,Viscera_Weight,0.0205
I,75,Shell_Weight,0.03
I,75,NumberRings,7
F,76,Length,0.6
F,76,Diameter,0.47
F,76,Height,0.19
F,76,Whole_Weight,1.1345
F,76,Shucked_Weight,0.492
F,76,Viscera_Weight,0.2595
F,76,Shell_Weight,0.3375
F,76,NumberRings,10
I,77,Length,0.41
I,77,Diameter,0.31
I,77,Height,0.09
I,77,Whole_Weight,0.339
I,77,Shucked_Weight,0.155
I,77,Viscera_Weight,0.0695
I,77,Shell_Weight,0.09
I,77,NumberRings,7
F,78,Length,0.615
F,78,Diameter,0.485
F,78,Height,0.16
F,78,Whole_Weight,1.1575
F,78,Shucked_Weight,0.5005
F,78,Viscera_Weight,0.2495
F,78,Shell_Weight,0.315
F,78,NumberRings,10
I,79,Length,0.445
I,79,Diameter,0.34
I,79,Height,0.145
I,79,Whole_Weight,0.434
I,79,Shucked_Weight,0.1945
I,79,Viscera_Weight,0.0905
I,79,Shell_Weight,0.13
I,79,NumberRings,7
I,80,Length,0.5
I,80,Diameter,0.395
I,80,Height,0.14
I,80,Whole_Weight,0.6215
I,80,Shucked_Weight,0.2925
I,80,Viscera_Weight,0.1205
I,80,Shell_Weight,0.195
I,80,NumberRings,9
I,81,Length,0.62
I,81,Diameter,0.49
I,81,Height,0.16
I,81,Whole_Weight,1.066
I,81,Shucked_Weight,0.446
I,81,Viscera_Weight,0.246
I,81,Shell_Weight,0.305
I,81,NumberRings,11
F,82,Length,0.415
F,82,Diameter,0.325
F,82,Height,0.115
F,82,Whole_Weight,0.3455
F,82,Shucked_Weight,0.1405
F,82,Viscera_Weight,0.0765
F,82,Shell_Weight,0.11
F,82,NumberRings,9
M,83,Length,0.58
M,83,Diameter,0.44
M,83,Height,0.175
M,83,Whole_Weight,1.2255
M,83,Shucked_Weight,0.5405
M,83,Viscera_Weight,0.2705
M,83,Shell_Weight,0.3265
M,83,NumberRings,10
F,84,Length,0.615
F,84,Diameter,0.52
F,84,Height,0.15
F,84,Whole_Weight,1.3435
F,84,Shucked_Weight,0.629
F,84,Viscera_Weight,0.2605
F,84,Shell_Weight,0.345
F,84,NumberRings,10
M,85,Length,0.48
M,85,Diameter,0.38
M,85,Height,0.13
M,85,Whole_Weight,0.6175
M,85,Shucked_Weight,0.3
M,85,Viscera_Weight,0.142
M,85,Shell_Weight,0.175
M,85,NumberRings,12
M,86,Length,0.465
M,86,Diameter,0.36
M,86,Height,0.125
M,86,Whole_Weight,0.4365
M,86,Shucked_Weight,0.169
M,86,Viscera_Weight,0.1075
M,86,Shell_Weight,0.145
M,86,NumberRings,11
M,87,Length,0.545
M,87,Diameter,0.415
M,87,Height,0.14
M,87,Whole_Weight,0.82
M,87,Shucked_Weight,0.4615
M,87,Viscera_Weight,0.127
M,87,Shell_Weight,0.218
M,87,NumberRings,9
I,88,Length,0.38
I,88,Diameter,0.29
I,88,Height,0.1
I,88,Whole_Weight,0.237
I,88,Shucked_Weight,0.108
I,88,Viscera_Weight,0.0395
I,88,Shell_Weight,0.082
I,88,NumberRings,6
M,89,Length,0.205
M,89,Diameter,0.155
M,89,Height,0.045
M,89,Whole_Weight,0.0425
M,89,Shucked_Weight,0.017
M,89,Viscera_Weight,0.0055
M,89,Shell_Weight,0.0155
M,89,NumberRings,7
I,90,Length,0.47
I,90,Diameter,0.35
I,90,Height,0.135
I,90,Whole_Weight,0.567
I,90,Shucked_Weight,0.2315
I,90,Viscera_Weight,0.1465
I,90,Shell_Weight,0.1525
I,90,NumberRings,11
I,91,Length,0.32
I,91,Diameter,0.25
I,91,Height,0.08
I,91,Whole_Weight,0.1565
I,91,Shucked_Weight,0.057
I,91,Viscera_Weight,0.034
I,91,Shell_Weight,0.06
I,91,NumberRings,9
M,92,Length,0.45
M,92,Diameter,0.335
M,92,Height,0.14
M,92,Whole_Weight,0.4625
M,92,Shucked_Weight,0.164
M,92,Viscera_Weight,0.076
M,92,Shell_Weight,0.15
M,92,NumberRings,14
M,93,Length,0.5
M,93,Diameter,0.415
M,93,Height,0.165
M,93,Whole_Weight,0.6885
M,93,Shucked_Weight,0.249
M,93,Viscera_Weight,0.138
M,93,Shell_Weight,0.25
M,93,NumberRings,13
M,94,Length,0.585
M,94,Diameter,0.49
M,94,Height,0.185
M,94,Whole_Weight,1.171
M,94,Shucked_Weight,0.522
M,94,Viscera_Weight,0.2535
M,94,Shell_Weight,0.335
M,94,NumberRings,10
F,95,Length,0.505
F,95,Diameter,0.41
F,95,Height,0.15
F,95,Whole_Weight,0.644
F,95,Shucked_Weight,0.285
F,95,Viscera_Weight,0.145
F,95,Shell_Weight,0.21
F,95,NumberRings,11
F,96,Length,0.495
F,96,Diameter,0.375
F,96,Height,0.15
F,96,Whole_Weight,0.597
F,96,Shucked_Weight,0.2615
F,96,Viscera_Weight,0.135
F,96,Shell_Weight,0.178
F,96,NumberRings,11
M,97,Length,0.545
M,97,Diameter,0.44
M,97,Height,0.14
M,97,Whole_Weight,0.8395
M,97,Shucked_Weight,0.356
M,97,Viscera_Weight,0.1905
M,97,Shell_Weight,0.2385
M,97,NumberRings,11
M,98,Length,0.665
M,98,Diameter,0.54
M,98,Height,0.175
M,98,Whole_Weight,1.347
M,98,Shucked_Weight,0.4955
M,98,Viscera_Weight,0.254
M,98,Shell_Weight,0.415
M,98,NumberRings,17
F,99,Length,0.67
F,99,Diameter,0.505
F,99,Height,0.175
F,99,Whole_Weight,1.0145
F,99,Shucked_Weight,0.4375
F,99,Viscera_Weight,0.271
F,99,Shell_Weight,0.3745
F,99,NumberRings,10
I,100,Length,0.63
I,100,Diameter,0.505
I,100,Height,0.18
I,100,Whole_Weight,1.272
I,100,Shucked_Weight,0.6025
I,100,Viscera_Weight,0.295
I,100,Shell_Weight,0.315
I,100,NumberRings,11
M,101,Length,0.605
M,101,Diameter,0.49
M,101,Height,0.18
M,101,Whole_Weight,1.167
M,101,Shucked_Weight,0.457
M,101,Viscera_Weight,0.29
M,101,Shell_Weight,0.3745
M,101,NumberRings,9
F,102,Length,0.545
F,102,Diameter,0.425
F,102,Height,0.125
F,102,Whole_Weight,0.768
F,102,Shucked_Weight,0.294
F,102,Viscera_Weight,0.1495
F,102,Shell_Weight,0.26
F,102,NumberRings,16
M,103,Length,0.425
M,103,Diameter,0.325
M,103,Height,0.1
M,103,Whole_Weight,0.3295
M,103,Shucked_Weight,0.1365
M,103,Viscera_Weight,0.0725
M,103,Shell_Weight,0.11
M,103,NumberRings,7
F,104,Length,0.505
F,104,Diameter,0.39
F,104,Height,0.13
F,104,Whole_Weight,0.674
F,104,Shucked_Weight,0.3165
F,104,Viscera_Weight,0.141
F,104,Shell_Weight,0.1785
F,104,NumberRings,9
M,105,Length,0.67
M,105,Diameter,0.55
M,105,Height,0.17
M,105,Whole_Weight,1.247
M,105,Shucked_Weight,0.472
M,105,Viscera_Weight,0.2455
M,105,Shell_Weight,0.4
M,105,NumberRings,21
F,106,Length,0.69
F,106,Diameter,0.555
F,106,Height,0.205
F,106,Whole_Weight,1.8165
F,106,Shucked_Weight,0.7785
F,106,Viscera_Weight,0.4395
F,106,Shell_Weight,0.515
F,106,NumberRings,19
I,107,Length,0.605
I,107,Diameter,0.435
I,107,Height,0.13
I,107,Whole_Weight,0.9025
I,107,Shucked_Weight,0.432
I,107,Viscera_Weight,0.174
I,107,Shell_Weight,0.26
I,107,NumberRings,11
F,108,Length,0.475
F,108,Diameter,0.38
F,108,Height,0.145
F,108,Whole_Weight,0.57
F,108,Shucked_Weight,0.167
F,108,Viscera_Weight,0.118
F,108,Shell_Weight,0.187
F,108,NumberRings,11
F,109,Length,0.59
F,109,Diameter,0.44
F,109,Height,0.14
F,109,Whole_Weight,1.007
F,109,Shucked_Weight,0.4775
F,109,Viscera_Weight,0.2105
F,109,Shell_Weight,0.2925
F,109,NumberRings,9
I,110,Length,0.555
I,110,Diameter,0.46
I,110,Height,0.145
I,110,Whole_Weight,0.9005
I,110,Shucked_Weight,0.3845
I,110,Viscera_Weight,0.158
I,110,Shell_Weight,0.2765
I,110,NumberRings,11
I,111,Length,0.42
I,111,Diameter,0.32
I,111,Height,0.115
I,111,Whole_Weight,0.376
I,111,Shucked_Weight,0.169
I,111,Viscera_Weight,0.092
I,111,Shell_Weight,0.1
I,111,NumberRings,5
M,112,Length,0.53
M,112,Diameter,0.41
M,112,Height,0.14
M,112,Whole_Weight,0.7545
M,112,Shucked_Weight,0.3495
M,112,Viscera_Weight,0.1715
M,112,Shell_Weight,0.2105
M,112,NumberRings,8
I,113,Length,0.45
I,113,Diameter,0.33
I,113,Height,0.115
I,113,Whole_Weight,0.365
I,113,Shucked_Weight,0.14
I,113,Viscera_Weight,0.0825
I,113,Shell_Weight,0.1245
I,113,NumberRings,8
F,114,Length,0.505
F,114,Diameter,0.385
F,114,Height,0.135
F,114,Whole_Weight,0.6185
F,114,Shucked_Weight,0.251
F,114,Viscera_Weight,0.1175
F,114,Shell_Weight,0.2
F,114,NumberRings,12
M,115,Length,0.615
M,115,Diameter,0.47
M,115,Height,0.155
M,115,Whole_Weight,1.2
M,115,Shucked_Weight,0.5085
M,115,Viscera_Weight,0.32
M,115,Shell_Weight,0.292
M,115,NumberRings,8
M,116,Length,0.72
M,116,Diameter,0.565
M,116,Height,0.145
M,116,Whole_Weight,1.187
M,116,Shucked_Weight,0.691
M,116,Viscera_Weight,0.1945
M,116,Shell_Weight,0.2685
M,116,NumberRings,8
I,117,Length,0.43
I,117,Diameter,0.34
I,117,Height,0.105
I,117,Whole_Weight,0.4405
I,117,Shucked_Weight,0.2385
I,117,Viscera_Weight,0.0745
I,117,Shell_Weight,0.1075
I,117,NumberRings,6
F,118,Length,0.615
F,118,Diameter,0.475
F,118,Height,0.165
F,118,Whole_Weight,1.023
F,118,Shucked_Weight,0.4905
F,118,Viscera_Weight,0.1955
F,118,Shell_Weight,0.3035
F,118,NumberRings,12
M,119,Length,0.275
M,119,Diameter,0.2
M,119,Height,0.08
M,119,Whole_Weight,0.099
M,119,Shucked_Weight,0.037
M,119,Viscera_Weight,0.024
M,119,Shell_Weight,0.03
M,119,NumberRings,5
F,120,Length,0.57
F,120,Diameter,0.495
F,120,Height,0.16
F,120,Whole_Weight,1.0915
F,120,Shucked_Weight,0.452
F,120,Viscera_Weight,0.275
F,120,Shell_Weight,0.315
F,120,NumberRings,14
I,121,Length,0.465
I,121,Diameter,0.36
I,121,Height,0.105
I,121,Whole_Weight,0.498
I,121,Shucked_Weight,0.214
I,121,Viscera_Weight,0.116
I,121,Shell_Weight,0.14
I,121,NumberRings,15
I,122,Length,0.43
I,122,Diameter,0.345
I,122,Height,0.115
I,122,Whole_Weight,0.4295
I,122,Shucked_Weight,0.212
I,122,Viscera_Weight,0.108
I,122,Shell_Weight,0.109
I,122,NumberRings,8
I,123,Length,0.315
I,123,Diameter,0.23
I,123,Height,0.07
I,123,Whole_Weight,0.1145
I,123,Shucked_Weight,0.046
I,123,Viscera_Weight,0.0235
I,123,Shell_Weight,0.0385
I,123,NumberRings,5
M,124,Length,0.57
M,124,Diameter,0.455
M,124,Height,0.175
M,124,Whole_Weight,1.02
M,124,Shucked_Weight,0.4805
M,124,Viscera_Weight,0.2145
M,124,Shell_Weight,0.29
M,124,NumberRings,9
F,125,Length,0.435
F,125,Diameter,0.35
F,125,Height,0.11
F,125,Whole_Weight,0.384
F,125,Shucked_Weight,0.143
F,125,Viscera_Weight,0.1005
F,125,Shell_Weight,0.125
F,125,NumberRings,13
F,126,Length,0.65
F,126,Diameter,0.51
F,126,Height,0.17
F,126,Whole_Weight,1.567
F,126,Shucked_Weight,0.7245
F,126,Viscera_Weight,0.349
F,126,Shell_Weight,0.391
F,126,NumberRings,10
M,127,Length,0.685
M,127,Diameter,0.545
M,127,Height,0.205
M,127,Whole_Weight,1.7925
M,127,Shucked_Weight,0.8145
M,127,Viscera_Weight,0.416
M,127,Shell_Weight,0.461
M,127,NumberRings,9
I,128,Length,0.4
I,128,Diameter,0.29
I,128,Height,0.11
I,128,Whole_Weight,0.329
I,128,Shucked_Weight,0.188
I,128,Viscera_Weight,0.0455
I,128,Shell_Weight,0.0825
I,128,NumberRings,6
M,129,Length,0.585
M,129,Diameter,0.475
M,129,Height,0.12
M,129,Whole_Weight,0.945
M,129,Shucked_Weight,0.41
M,129,Viscera_Weight,0.2115
M,129,Shell_Weight,0.28
M,129,NumberRings,14
F,130,Length,0.72
F,130,Diameter,0.575
F,130,Height,0.18
F,130,Whole_Weight,1.6705
F,130,Shucked_Weight,0.732
F,130,Viscera_Weight,0.3605
F,130,Shell_Weight,0.501
F,130,NumberRings,12
M,131,Length,0.445
M,131,Diameter,0.345
M,131,Height,0.09
M,131,Whole_Weight,0.3795
M,131,Shucked_Weight,0.143
M,131,Viscera_Weight,0.074
M,131,Shell_Weight,0.125
M,131,NumberRings,10
I,132,Length,0.39
I,132,Diameter,0.3
I,132,Height,0.095
I,132,Whole_Weight,0.3265
I,132,Shucked_Weight,0.1665
I,132,Viscera_Weight,0.0575
I,132,Shell_Weight,0.089
I,132,NumberRings,7
I,133,Length,0.33
I,133,Diameter,0.225
I,133,Height,0.075
I,133,Whole_Weight,0.187
I,133,Shucked_Weight,0.0945
I,133,Viscera_Weight,0.0395
I,133,Shell_Weight,0.0425
I,133,NumberRings,7
M,134,Length,0.605
M,134,Diameter,0.47
M,134,Height,0.16
M,134,Whole_Weight,1.1735
M,134,Shucked_Weight,0.4975
M,134,Viscera_Weight,0.2405
M,134,Shell_Weight,0.345
M,134,NumberRings,12
F,135,Length,0.44
F,135,Diameter,0.34
F,135,Height,0.1
F,135,Whole_Weight,0.451
F,135,Shucked_Weight,0.188
F,135,Viscera_Weight,0.087
F,135,Shell_Weight,0.13
F,135,NumberRings,10
M,136,Length,0.425
M,136,Diameter,0.35
M,136,Height,0.105
M,136,Whole_Weight,0.393
M,136,Shucked_Weight,0.13
M,136,Viscera_Weight,0.063
M,136,Shell_Weight,0.165
M,136,NumberRings,9
I,137,Length,0.42
I,137,Diameter,0.31
I,137,Height,0.1
I,137,Whole_Weight,0.2865
I,137,Shucked_Weight,0.115
I,137,Viscera_Weight,0.0735
I,137,Shell_Weight,0.085
I,137,NumberRings,8
I,138,Length,0.505
I,138,Diameter,0.395
I,138,Height,0.105
I,138,Whole_Weight,0.551
I,138,Shucked_Weight,0.248
I,138,Viscera_Weight,0.103
I,138,Shell_Weight,0.171
I,138,NumberRings,8
M,139,Length,0.57
M,139,Diameter,0.46
M,139,Height,0.15
M,139,Whole_Weight,1.0375
M,139,Shucked_Weight,0.5415
M,139,Viscera_Weight,0.2035
M,139,Shell_Weight,0.25
M,139,NumberRings,9
F,140,Length,0.62
F,140,Diameter,0.485
F,140,Height,0.155
F,140,Whole_Weight,1.1945
F,140,Shucked_Weight,0.5105
F,140,Viscera_Weight,0.271
F,140,Shell_Weight,0.352
F,140,NumberRings,9
I,141,Length,0.47
I,141,Diameter,0.37
I,141,Height,0.14
I,141,Whole_Weight,0.4985
I,141,Shucked_Weight,0.2095
I,141,Viscera_Weight,0.1225
I,141,Shell_Weight,0.145
I,141,NumberRings,10
I,142,Length,0.26
I,142,Diameter,0.215
I,142,Height,0.08
I,142,Whole_Weight,0.099
I,142,Shucked_Weight,0.037
I,142,Viscera_Weight,0.0255
I,142,Shell_Weight,0.045
I,142,NumberRings,5
M,143,Length,0.73
M,143,Diameter,0.585
M,143,Height,0.225
M,143,Whole_Weight,2.2305
M,143,Shucked_Weight,1.2395
M,143,Viscera_Weight,0.422
M,143,Shell_Weight,0.563
M,143,NumberRings,14
M,144,Length,0.56
M,144,Diameter,0.45
M,144,Height,0.185
M,144,Whole_Weight,1.07
M,144,Shucked_Weight,0.3805
M,144,Viscera_Weight,0.175
M,144,Shell_Weight,0.41
M,144,NumberRings,19
I,145,Length,0.46
I,145,Diameter,0.35
I,145,Height,0.11
I,145,Whole_Weight,0.4
I,145,Shucked_Weight,0.176
I,145,Viscera_Weight,0.083
I,145,Shell_Weight,0.1205
I,145,NumberRings,7
M,146,Length,0.55
M,146,Diameter,0.405
M,146,Height,0.15
M,146,Whole_Weight,0.9235
M,146,Shucked_Weight,0.412
M,146,Viscera_Weight,0.2135
M,146,Shell_Weight,0.24
M,146,NumberRings,7
M,147,Length,0.585
M,147,Diameter,0.46
M,147,Height,0.185
M,147,Whole_Weight,0.922
M,147,Shucked_Weight,0.3635
M,147,Viscera_Weight,0.213
M,147,Shell_Weight,0.285
M,147,NumberRings,10
I,148,Length,0.455
I,148,Diameter,0.33
I,148,Height,0.1
I,148,Whole_Weight,0.372
I,148,Shucked_Weight,0.358
I,148,Viscera_Weight,0.0775
I,148,Shell_Weight,0.11
I,148,NumberRings,8
M,149,Length,0.6
M,149,Diameter,0.475
M,149,Height,0.155
M,149,Whole_Weight,1.1385
M,149,Shucked_Weight,0.502
M,149,Viscera_Weight,0.2295
M,149,Shell_Weight,0.31
M,149,NumberRings,9
F,150,Length,0.565
F,150,Diameter,0.49
F,150,Height,0.155
F,150,Whole_Weight,0.9245
F,150,Shucked_Weight,0.405
F,150,Viscera_Weight,0.2195
F,150,Shell_Weight,0.255
F,150,NumberRings,11
F,151,Length,0.61
F,151,Diameter,0.43
F,151,Height,0.14
F,151,Whole_Weight,0.909
F,151,Shucked_Weight,0.438
F,151,Viscera_Weight,0.2
F,151,Shell_Weight,0.22
F,151,NumberRings,8
I,152,Length,0.515
I,152,Diameter,0.35
I,152,Height,0.105
I,152,Whole_Weight,0.4745
I,152,Shucked_Weight,0.213
I,152,Viscera_Weight,0.123
I,152,Shell_Weight,0.1275
I,152,NumberRings,10
I,153,Length,0.525
I,153,Diameter,0.375
I,153,Height,0.12
I,153,Whole_Weight,0.6315
I,153,Shucked_Weight,0.3045
I,153,Viscera_Weight,0.114
I,153,Shell_Weight,0.19
I,153,NumberRings,9
F,154,Length,0.385
F,154,Diameter,0.3
F,154,Height,0.1
F,154,Whole_Weight,0.2725
F,154,Shucked_Weight,0.1115
F,154,Viscera_Weight,0.057
F,154,Shell_Weight,0.08
F,154,NumberRings,6
M,155,Length,0.505
M,155,Diameter,0.405
M,155,Height,0.11
M,155,Whole_Weight,0.625
M,155,Shucked_Weight,0.305
M,155,Viscera_Weight,0.16
M,155,Shell_Weight,0.175
M,155,NumberRings,9
I,156,Length,0.475
I,156,Diameter,0.375
I,156,Height,0.11
I,156,Whole_Weight,0.494
I,156,Shucked_Weight,0.211
I,156,Viscera_Weight,0.109
I,156,Shell_Weight,0.1545
I,156,NumberRings,8
M,157,Length,0.72
M,157,Diameter,0.57
M,157,Height,0.2
M,157,Whole_Weight,1.8275
M,157,Shucked_Weight,0.919
M,157,Viscera_Weight,0.366
M,157,Shell_Weight,0.485
M,157,NumberRings,10
F,158,Length,0.72
F,158,Diameter,0.55
F,158,Height,0.18
F,158,Whole_Weight,1.52
F,158,Shucked_Weight,0.637
F,158,Viscera_Weight,0.325
F,158,Shell_Weight,0.435
F,158,NumberRings,10
I,159,Length,0.6
I,159,Diameter,0.445
I,159,Height,0.175
I,159,Whole_Weight,1.057
I,159,Shucked_Weight,0.383
I,159,Viscera_Weight,0.216
I,159,Shell_Weight,0.355
I,159,NumberRings,16
M,160,Length,0.505
M,160,Diameter,0.385
M,160,Height,0.13
M,160,Whole_Weight,0.6435
M,160,Shucked_Weight,0.3135
M,160,Viscera_Weight,0.149
M,160,Shell_Weight,0.1515
M,160,NumberRings,7
I,161,Length,0.54
I,161,Diameter,0.425
I,161,Height,0.135
I,161,Whole_Weight,0.686
I,161,Shucked_Weight,0.3475
I,161,Viscera_Weight,0.1545
I,161,Shell_Weight,0.213
I,161,NumberRings,8
M,162,Length,0.565
M,162,Diameter,0.44
M,162,Height,0.185
M,162,Whole_Weight,0.909
M,162,Shucked_Weight,0.344
M,162,Viscera_Weight,0.2325
M,162,Shell_Weight,0.255
M,162,NumberRings,15
F,163,Length,0.515
F,163,Diameter,0.405
F,163,Height,0.12
F,163,Whole_Weight,0.646
F,163,Shucked_Weight,0.2895
F,163,Viscera_Weight,0.1405
F,163,Shell_Weight,0.177
F,163,NumberRings,10
F,164,Length,0.5
F,164,Diameter,0.395
F,164,Height,0.15
F,164,Whole_Weight,0.7145
F,164,Shucked_Weight,0.3235
F,164,Viscera_Weight,0.173
F,164,Shell_Weight,0.195
F,164,NumberRings,9
M,165,Length,0.645
M,165,Diameter,0.5
M,165,Height,0.175
M,165,Whole_Weight,1.286
M,165,Shucked_Weight,0.5645
M,165,Viscera_Weight,0.288
M,165,Shell_Weight,0.386
M,165,NumberRings,12
M,166,Length,0.585
M,166,Diameter,0.455
M,166,Height,0.15
M,166,Whole_Weight,0.987
M,166,Shucked_Weight,0.4355
M,166,Viscera_Weight,0.2075
M,166,Shell_Weight,0.31
M,166,NumberRings,11
F,167,Length,0.59
F,167,Diameter,0.415
F,167,Height,0.15
F,167,Whole_Weight,0.8805
F,167,Shucked_Weight,0.3645
F,167,Viscera_Weight,0.234
F,167,Shell_Weight,0.235
F,167,NumberRings,11
I,168,Length,0.52
I,168,Diameter,0.4
I,168,Height,0.145
I,168,Whole_Weight,0.66
I,168,Shucked_Weight,0.267
I,168,Viscera_Weight,0.1055
I,168,Shell_Weight,0.22
I,168,NumberRings,13
M,169,Length,0.65
M,169,Diameter,0.515
M,169,Height,0.125
M,169,Whole_Weight,1.1805
M,169,Shucked_Weight,0.5235
M,169,Viscera_Weight,0.283
M,169,Shell_Weight,0.3275
M,169,NumberRings,9
I,170,Length,0.31
I,170,Diameter,0.225
I,170,Height,0.07
I,170,Whole_Weight,0.1055
I,170,Shucked_Weight,0.435
I,170,Viscera_Weight,0.015
I,170,Shell_Weight,0.04
I,170,NumberRings,5
F,171,Length,0.505
F,171,Diameter,0.38
F,171,Height,0.13
F,171,Whole_Weight,0.693
F,171,Shucked_Weight,0.391
F,171,Viscera_Weight,0.1195
F,171,Shell_Weight,0.1515
F,171,NumberRings,8
F,172,Length,0.625
F,172,Diameter,0.49
F,172,Height,0.2
F,172,Whole_Weight,1.3825
F,172,Shucked_Weight,0.5895
F,172,Viscera_Weight,0.285
F,172,Shell_Weight,0.381
F,172,NumberRings,11
M,173,Length,0.66
M,173,Diameter,0.515
M,173,Height,0.165
M,173,Whole_Weight,1.4465
M,173,Shucked_Weight,0.694
M,173,Viscera_Weight,0.298
M,173,Shell_Weight,0.3755
M,173,NumberRings,10
F,174,Length,0.645
F,174,Diameter,0.52
F,174,Height,0.17
F,174,Whole_Weight,1.197
F,174,Shucked_Weight,0.526
F,174,Viscera_Weight,0.2925
F,174,Shell_Weight,0.317
F,174,NumberRings,11
I,175,Length,0.575
I,175,Diameter,0.455
I,175,Height,0.16
I,175,Whole_Weight,0.9895
I,175,Shucked_Weight,0.495
I,175,Viscera_Weight,0.195
I,175,Shell_Weight,0.246
I,175,NumberRings,9
F,176,Length,0.625
F,176,Diameter,0.525
F,176,Height,0.195
F,176,Whole_Weight,1.352
F,176,Shucked_Weight,0.4505
F,176,Viscera_Weight,0.2445
F,176,Shell_Weight,0.53
F,176,NumberRings,13
M,177,Length,0.645
M,177,Diameter,0.52
M,177,Height,0.175
M,177,Whole_Weight,1.636
M,177,Shucked_Weight,0.779
M,177,Viscera_Weight,0.342
M,177,Shell_Weight,0.432
M,177,NumberRings,11
M,178,Length,0.46
M,178,Diameter,0.36
M,178,Height,0.135
M,178,Whole_Weight,0.6105
M,178,Shucked_Weight,0.1955
M,178,Viscera_Weight,0.107
M,178,Shell_Weight,0.235
M,178,NumberRings,14
F,179,Length,0.58
F,179,Diameter,0.44
F,179,Height,0.175
F,179,Whole_Weight,1.073
F,179,Shucked_Weight,0.4005
F,179,Viscera_Weight,0.2345
F,179,Shell_Weight,0.335
F,179,NumberRings,19
I,180,Length,0.575
I,180,Diameter,0.455
I,180,Height,0.18
I,180,Whole_Weight,0.8525
I,180,Shucked_Weight,0.3015
I,180,Viscera_Weight,0.1825
I,180,Shell_Weight,0.3
I,180,NumberRings,13
M,181,Length,0.325
M,181,Diameter,0.23
M,181,Height,0.09
M,181,Whole_Weight,0.147
M,181,Shucked_Weight,0.06
M,181,Viscera_Weight,0.034
M,181,Shell_Weight,0.045
M,181,NumberRings,4
M,182,Length,0.58
M,182,Diameter,0.43
M,182,Height,0.125
M,182,Whole_Weight,0.9115
M,182,Shucked_Weight,0.446
M,182,Viscera_Weight,0.2075
M,182,Shell_Weight,0.121
M,182,NumberRings,10
I,183,Length,0.505
I,183,Diameter,0.4
I,183,Height,0.145
I,183,Whole_Weight,0.7045
I,183,Shucked_Weight,0.334
I,183,Viscera_Weight,0.1425
I,183,Shell_Weight,0.207
I,183,NumberRings,8
I,184,Length,0.55
I,184,Diameter,0.425
I,184,Height,0.15
I,184,Whole_Weight,0.806
I,184,Shucked_Weight,0.376
I,184,Viscera_Weight,0.171
I,184,Shell_Weight,0.245
I,184,NumberRings,14
F,185,Length,0.64
F,185,Diameter,0.5
F,185,Height,0.17
F,185,Whole_Weight,1.5175
F,185,Shucked_Weight,0.693
F,185,Viscera_Weight,0.326
F,185,Shell_Weight,0.409
F,185,NumberRings,11
I,186,Length,0.465
I,186,Diameter,0.365
I,186,Height,0.115
I,186,Whole_Weight,0.467
I,186,Shucked_Weight,0.2315
I,186,Viscera_Weight,0.0925
I,186,Shell_Weight,0.113
I,186,NumberRings,7
F,187,Length,0.535
F,187,Diameter,0.4
F,187,Height,0.135
F,187,Whole_Weight,0.8215
F,187,Shucked_Weight,0.3935
F,187,Viscera_Weight,0.196
F,187,Shell_Weight,0.205
F,187,NumberRings,8
F,188,Length,0.49
F,188,Diameter,0.4
F,188,Height,0.115
F,188,Whole_Weight,0.569
F,188,Shucked_Weight,0.256
F,188,Viscera_Weight,0.1325
F,188,Shell_Weight,0.145
F,188,NumberRings,9
M,189,Length,0.63
M,189,Diameter,0.485
M,189,Height,0.16
M,189,Whole_Weight,1.243
M,189,Shucked_Weight,0.623
M,189,Viscera_Weight,0.275
M,189,Shell_Weight,0.3
M,189,NumberRings,10
M,190,Length,0.665
M,190,Diameter,0.535
M,190,Height,0.195
M,190,Whole_Weight,1.606
M,190,Shucked_Weight,0.5755
M,190,Viscera_Weight,0.388
M,190,Shell_Weight,0.48
M,190,NumberRings,14
I,191,Length,0.51
I,191,Diameter,0.38
I,191,Height,0.115
I,191,Whole_Weight,0.5155
I,191,Shucked_Weight,0.215
I,191,Viscera_Weight,0.1135
I,191,Shell_Weight,0.166
I,191,NumberRings,8
F,192,Length,0.52
F,192,Diameter,0.425
F,192,Height,0.165
F,192,Whole_Weight,0.9885
F,192,Shucked_Weight,0.396
F,192,Viscera_Weight,0.225
F,192,Shell_Weight,0.32
F,192,NumberRings,16
F,193,Length,0.465
F,193,Diameter,0.375
F,193,Height,0.135
F,193,Whole_Weight,0.6
F,193,Shucked_Weight,0.2225
F,193,Viscera_Weight,0.129
F,193,Shell_Weight,0.23
F,193,NumberRings,16
M,194,Length,0.625
M,194,Diameter,0.5
M,194,Height,0.13
M,194,Whole_Weight,1.082
M,194,Shucked_Weight,0.5785
M,194,Viscera_Weight,0.2045
M,194,Shell_Weight,0.25
M,194,NumberRings,8
F,195,Length,0.515
F,195,Diameter,0.415
F,195,Height,0.13
F,195,Whole_Weight,0.764
F,195,Shucked_Weight,0.276
F,195,Viscera_Weight,0.196
F,195,Shell_Weight,0.25
F,195,NumberRings,13
F,196,Length,0.46
F,196,Diameter,0.38
F,196,Height,0.13
F,196,Whole_Weight,0.639
F,196,Shucked_Weight,0.3
F,196,Viscera_Weight,0.1525
F,196,Shell_Weight,0.16
F,196,NumberRings,11
I,197,Length,0.365
I,197,Diameter,0.27
I,197,Height,0.085
I,197,Whole_Weight,0.1875
I,197,Shucked_Weight,0.081
I,197,Viscera_Weight,0.042
I,197,Shell_Weight,0.058
I,197,NumberRings,6
F,198,Length,0.695
F,198,Diameter,0.53
F,198,Height,0.2
F,198,Whole_Weight,2.0475
F,198,Shucked_Weight,0.75
F,198,Viscera_Weight,0.4195
F,198,Shell_Weight,0.6095
F,198,NumberRings,14
F,199,Length,0.475
F,199,Diameter,0.36
F,199,Height,0.12
F,199,Whole_Weight,0.5915
F,199,Shucked_Weight,0.3245
F,199,Viscera_Weight,0.11
F,199,Shell_Weight,0.127
F,199,NumberRings,6
F,200,Length,0.525
F,200,Diameter,0.405
F,200,Height,0.115
F,200,Whole_Weight,0.72
F,200,Shucked_Weight,0.3105
F,200,Viscera_Weight,0.1915
F,200,Shell_Weight,0.2
F,200,NumberRings,14
M,201,Length,0.69
M,201,Diameter,0.505
M,201,Height,0.2
M,201,Whole_Weight,1.872
M,201,Shucked_Weight,0.893
M,201,Viscera_Weight,0.4015
M,201,Shell_Weight,0.48
M,201,NumberRings,10
F,202,Length,0.59
F,202,Diameter,0.485
F,202,Height,0.205
F,202,Whole_Weight,1.2315
F,202,Shucked_Weight,0.4525
F,202,Viscera_Weight,0.238
F,202,Shell_Weight,0.42
F,202,NumberRings,13
F,203,Length,0.61
F,203,Diameter,0.475
F,203,Height,0.14
F,203,Whole_Weight,1.133
F,203,Shucked_Weight,0.5275
F,203,Viscera_Weight,0.2355
F,203,Shell_Weight,0.35
F,203,NumberRings,11
F,204,Length,0.52
F,204,Diameter,0.405
F,204,Height,0.125
F,204,Whole_Weight,0.6435
F,204,Shucked_Weight,0.2415
F,204,Viscera_Weight,0.1735
F,204,Shell_Weight,0.21
F,204,NumberRings,12
M,205,Length,0.625
M,205,Diameter,0.47
M,205,Height,0.18
M,205,Whole_Weight,1.136
M,205,Shucked_Weight,0.451
M,205,Viscera_Weight,0.3245
M,205,Shell_Weight,0.305
M,205,NumberRings,11
M,206,Length,0.615
M,206,Diameter,0.475
M,206,Height,0.17
M,206,Whole_Weight,1.1825
M,206,Shucked_Weight,0.474
M,206,Viscera_Weight,0.2895
M,206,Shell_Weight,0.24
M,206,NumberRings,11
M,207,Length,0.525
M,207,Diameter,0.405
M,207,Height,0.12
M,207,Whole_Weight,0.7555
M,207,Shucked_Weight,0.3755
M,207,Viscera_Weight,0.1555
M,207,Shell_Weight,0.201
M,207,NumberRings,9
F,208,Length,0.345
F,208,Diameter,0.26
F,208,Height,0.09
F,208,Whole_Weight,0.207
F,208,Shucked_Weight,0.0775
F,208,Viscera_Weight,0.0435
F,208,Shell_Weight,0.0765
F,208,NumberRings,10
F,209,Length,0.545
F,209,Diameter,0.43
F,209,Height,0.165
F,209,Whole_Weight,0.802
F,209,Shucked_Weight,0.2935
F,209,Viscera_Weight,0.183
F,209,Shell_Weight,0.28
F,209,NumberRings,11
M,210,Length,0.565
M,210,Diameter,0.455
M,210,Height,0.185
M,210,Whole_Weight,0.9265
M,210,Shucked_Weight,0.354
M,210,Viscera_Weight,0.1575
M,210,Shell_Weight,0.375
M,210,NumberRings,16
I,211,Length,0.405
I,211,Diameter,0.3
I,211,Height,0.12
I,211,Whole_Weight,0.324
I,211,Shucked_Weight,0.1265
I,211,Viscera_Weight,0.07
I,211,Shell_Weight,0.11
I,211,NumberRings,7
F,212,Length,0.585
F,212,Diameter,0.435
F,212,Height,0.14
F,212,Whole_Weight,0.6955
F,212,Shucked_Weight,0.3085
F,212,Viscera_Weight,0.129
F,212,Shell_Weight,0.2245
F,212,NumberRings,8
I,213,Length,0.455
I,213,Diameter,0.325
I,213,Height,0.135
I,213,Whole_Weight,0.82
I,213,Shucked_Weight,0.4005
I,213,Viscera_Weight,0.1715
I,213,Shell_Weight,0.211
I,213,NumberRings,8
I,214,Length,0.575
I,214,Diameter,0.43
I,214,Height,0.13
I,214,Whole_Weight,0.7425
I,214,Shucked_Weight,0.2895
I,214,Viscera_Weight,0.2005
I,214,Shell_Weight,0.22
I,214,NumberRings,8
I,215,Length,0.515
I,215,Diameter,0.4
I,215,Height,0.135
I,215,Whole_Weight,0.6965
I,215,Shucked_Weight,0.32
I,215,Viscera_Weight,0.1255
I,215,Shell_Weight,0.175
I,215,NumberRings,9
F,216,Length,0.655
F,216,Diameter,0.52
F,216,Height,0.19
F,216,Whole_Weight,1.4545
F,216,Shucked_Weight,0.6
F,216,Viscera_Weight,0.3865
F,216,Shell_Weight,0.383
F,216,NumberRings,10
F,217,Length,0.63
F,217,Diameter,0.485
F,217,Height,0.17
F,217,Whole_Weight,1.3205
F,217,Shucked_Weight,0.5945
F,217,Viscera_Weight,0.345
F,217,Shell_Weight,0.345
F,217,NumberRings,9
F,218,Length,0.61
F,218,Diameter,0.47
F,218,Height,0.165
F,218,Whole_Weight,1.1785
F,218,Shucked_Weight,0.566
F,218,Viscera_Weight,0.2785
F,218,Shell_Weight,0.294
F,218,NumberRings,11
M,219,Length,0.715
M,219,Diameter,0.535
M,219,Height,0.19
M,219,Whole_Weight,1.6755
M,219,Shucked_Weight,0.889
M,219,Viscera_Weight,0.313
M,219,Shell_Weight,0.42
M,219,NumberRings,10
M,220,Length,0.495
M,220,Diameter,0.415
M,220,Height,0.165
M,220,Whole_Weight,0.7485
M,220,Shucked_Weight,0.264
M,220,Viscera_Weight,0.134
M,220,Shell_Weight,0.285
M,220,NumberRings,13
I,221,Length,0.36
I,221,Diameter,0.3
I,221,Height,0.085
I,221,Whole_Weight,0.27
I,221,Shucked_Weight,0.1185
I,221,Viscera_Weight,0.064
I,221,Shell_Weight,0.0745
I,221,NumberRings,7
M,222,Length,0.71
M,222,Diameter,0.565
M,222,Height,0.205
M,222,Whole_Weight,2.198
M,222,Shucked_Weight,1.012
M,222,Viscera_Weight,0.5225
M,222,Shell_Weight,0.5475
M,222,NumberRings,11
I,223,Length,0.45
I,223,Diameter,0.34
I,223,Height,0.12
I,223,Whole_Weight,0.4925
I,223,Shucked_Weight,0.241
I,223,Viscera_Weight,0.1075
I,223,Shell_Weight,0.12
I,223,NumberRings,6
M,224,Length,0.63
M,224,Diameter,0.5
M,224,Height,0.185
M,224,Whole_Weight,1.362
M,224,Shucked_Weight,0.5785
M,224,Viscera_Weight,0.3125
M,224,Shell_Weight,0.384
M,224,NumberRings,10
I,225,Length,0.445
I,225,Diameter,0.35
I,225,Height,0.13
I,225,Whole_Weight,0.4195
I,225,Shucked_Weight,0.1695
I,225,Viscera_Weight,0.0945
I,225,Shell_Weight,0.1195
I,225,NumberRings,7
M,226,Length,0.47
M,226,Diameter,0.36
M,226,Height,0.105
M,226,Whole_Weight,0.544
M,226,Shucked_Weight,0.27
M,226,Viscera_Weight,0.1395
M,226,Shell_Weight,0.129
M,226,NumberRings,7
I,227,Length,0.52
I,227,Diameter,0.415
I,227,Height,0.14
I,227,Whole_Weight,0.6375
I,227,Shucked_Weight,0.308
I,227,Viscera_Weight,0.1335
I,227,Shell_Weight,0.168
I,227,NumberRings,9
M,228,Length,0.455
M,228,Diameter,0.365
M,228,Height,0.095
M,228,Whole_Weight,0.514
M,228,Shucked_Weight,0.2245
M,228,Viscera_Weight,0.101
M,228,Shell_Weight,0.15
M,228,NumberRings,15
I,229,Length,0.66
I,229,Diameter,0.525
I,229,Height,0.215
I,229,Whole_Weight,1.786
I,229,Shucked_Weight,0.6725
I,229,Viscera_Weight,0.3615
I,229,Shell_Weight,0.4065
I,229,NumberRings,11
I,230,Length,0.4
I,230,Diameter,0.315
I,230,Height,0.09
I,230,Whole_Weight,0.3245
I,230,Shucked_Weight,0.151
I,230,Viscera_Weight,0.073
I,230,Shell_Weight,0.088
I,230,NumberRings,8
I,231,Length,0.255
I,231,Diameter,0.19
I,231,Height,0.05
I,231,Whole_Weight,0.083
I,231,Shucked_Weight,0.0295
I,231,Viscera_Weight,0.0215
I,231,Shell_Weight,0.027
I,231,NumberRings,6
I,232,Length,0.295
I,232,Diameter,0.225
I,232,Height,0.09
I,232,Whole_Weight,0.1105
I,232,Shucked_Weight,0.0405
I,232,Viscera_Weight,0.0245
I,232,Shell_Weight,0.032
I,232,NumberRings,7
I,233,Length,0.35
I,233,Diameter,0.25
I,233,Height,0.07
I,233,Whole_Weight,0.18
I,233,Shucked_Weight,0.0655
I,233,Viscera_Weight,0.048
I,233,Shell_Weight,0.054
I,233,NumberRings,6
I,234,Length,0.55
I,234,Diameter,0.435
I,234,Height,0.165
I,234,Whole_Weight,0.804
I,234,Shucked_Weight,0.34
I,234,Viscera_Weight,0.194
I,234,Shell_Weight,0.244
I,234,NumberRings,8
M,235,Length,0.335
M,235,Diameter,0.255
M,235,Height,0.075
M,235,Whole_Weight,0.1635
M,235,Shucked_Weight,0.0615
M,235,Viscera_Weight,0.0345
M,235,Shell_Weight,0.057
M,235,NumberRings,8
I,236,Length,0.475
I,236,Diameter,0.42
I,236,Height,0.16
I,236,Whole_Weight,0.7095
I,236,Shucked_Weight,0.35
I,236,Viscera_Weight,0.1505
I,236,Shell_Weight,0.1845
I,236,NumberRings,8
I,237,Length,0.445
I,237,Diameter,0.345
I,237,Height,0.105
I,237,Whole_Weight,0.409
I,237,Shucked_Weight,0.1675
I,237,Viscera_Weight,0.1015
I,237,Shell_Weight,0.117
I,237,NumberRings,7
M,238,Length,0.47
M,238,Diameter,0.39
M,238,Height,0.15
M,238,Whole_Weight,0.6355
M,238,Shucked_Weight,0.2185
M,238,Viscera_Weight,0.0885
M,238,Shell_Weight,0.255
M,238,NumberRings,9
I,239,Length,0.555
I,239,Diameter,0.435
I,239,Height,0.145
I,239,Whole_Weight,0.6975
I,239,Shucked_Weight,0.262
I,239,Viscera_Weight,0.1575
I,239,Shell_Weight,0.24
I,239,NumberRings,11
I,240,Length,0.25
I,240,Diameter,0.175
I,240,Height,0.06
I,240,Whole_Weight,0.0635
I,240,Shucked_Weight,0.0275
I,240,Viscera_Weight,0.008
I,240,Shell_Weight,0.02
I,240,NumberRings,4
I,241,Length,0.535
I,241,Diameter,0.41
I,241,Height,0.155
I,241,Whole_Weight,0.6315
I,241,Shucked_Weight,0.2745
I,241,Viscera_Weight,0.1415
I,241,Shell_Weight,0.1815
I,241,NumberRings,12
I,242,Length,0.455
I,242,Diameter,0.375
I,242,Height,0.125
I,242,Whole_Weight,0.533
I,242,Shucked_Weight,0.233
I,242,Viscera_Weight,0.106
I,242,Shell_Weight,0.185
I,242,NumberRings,8
M,243,Length,0.44
M,243,Diameter,0.365
M,243,Height,0.125
M,243,Whole_Weight,0.516
M,243,Shucked_Weight,0.2155
M,243,Viscera_Weight,0.114
M,243,Shell_Weight,0.155
M,243,NumberRings,10
F,244,Length,0.64
F,244,Diameter,0.48
F,244,Height,0.195
F,244,Whole_Weight,1.1435
F,244,Shucked_Weight,0.4915
F,244,Viscera_Weight,0.2345
F,244,Shell_Weight,0.353
F,244,NumberRings,9
I,245,Length,0.445
I,245,Diameter,0.31
I,245,Height,0.09
I,245,Whole_Weight,0.336
I,245,Shucked_Weight,0.1555
I,245,Viscera_Weight,0.09
I,245,Shell_Weight,0.0855
I,245,NumberRings,7
F,246,Length,0.48
F,246,Diameter,0.38
F,246,Height,0.12
F,246,Whole_Weight,0.608
F,246,Shucked_Weight,0.2705
F,246,Viscera_Weight,0.1405
F,246,Shell_Weight,0.185
F,246,NumberRings,8
F,247,Length,0.565
F,247,Diameter,0.45
F,247,Height,0.16
F,247,Whole_Weight,0.795
F,247,Shucked_Weight,0.3605
F,247,Viscera_Weight,0.1555
F,247,Shell_Weight,0.23
F,247,NumberRings,12
I,248,Length,0.525
I,248,Diameter,0.395
I,248,Height,0.12
I,248,Whole_Weight,0.608
I,248,Shucked_Weight,0.297
I,248,Viscera_Weight,0.1395
I,248,Shell_Weight,0.1405
I,248,NumberRings,8
F,249,Length,0.55
F,249,Diameter,0.425
F,249,Height,0.135
F,249,Whole_Weight,0.8515
F,249,Shucked_Weight,0.362
F,249,Viscera_Weight,0.196
F,249,Shell_Weight,0.27
F,249,NumberRings,14
F,250,Length,0.66
F,250,Diameter,0.505
F,250,Height,0.185
F,250,Whole_Weight,1.528
F,250,Shucked_Weight,0.69
F,250,Viscera_Weight,0.3025
F,250,Shell_Weight,0.441
F,250,NumberRings,11
M,251,Length,0.595
M,251,Diameter,0.48
M,251,Height,0.14
M,251,Whole_Weight,0.9125
M,251,Shucked_Weight,0.4095
M,251,Viscera_Weight,0.1825
M,251,Shell_Weight,0.289
M,251,NumberRings,9
M,252,Length,0.65
M,252,Diameter,0.51
M,252,Height,0.19
M,252,Whole_Weight,1.542
M,252,Shucked_Weight,0.7155
M,252,Viscera_Weight,0.3735
M,252,Shell_Weight,0.375
M,252,NumberRings,9
M,253,Length,0.725
M,253,Diameter,0.505
M,253,Height,0.185
M,253,Whole_Weight,1.978
M,253,Shucked_Weight,1.026
M,253,Viscera_Weight,0.4255
M,253,Shell_Weight,0.4505
M,253,NumberRings,12
M,254,Length,0.26
M,254,Diameter,0.2
M,254,Height,0.065
M,254,Whole_Weight,0.096
M,254,Shucked_Weight,0.044
M,254,Viscera_Weight,0.027
M,254,Shell_Weight,0.03
M,254,NumberRings,6
M,255,Length,0.605
M,255,Diameter,0.47
M,255,Height,0.18
M,255,Whole_Weight,1.1405
M,255,Shucked_Weight,0.3755
M,255,Viscera_Weight,0.2805
M,255,Shell_Weight,0.385
M,255,NumberRings,15
I,256,Length,0.355
I,256,Diameter,0.26
I,256,Height,0.09
I,256,Whole_Weight,0.1925
I,256,Shucked_Weight,0.077
I,256,Viscera_Weight,0.038
I,256,Shell_Weight,0.065
I,256,NumberRings,8
M,257,Length,0.61
M,257,Diameter,0.5
M,257,Height,0.165
M,257,Whole_Weight,1.2715
M,257,Shucked_Weight,0.4915
M,257,Viscera_Weight,0.185
M,257,Shell_Weight,0.49
M,257,NumberRings,12
M,258,Length,0.47
M,258,Diameter,0.375
M,258,Height,0.13
M,258,Whole_Weight,0.523
M,258,Shucked_Weight,0.214
M,258,Viscera_Weight,0.132
M,258,Shell_Weight,0.145
M,258,NumberRings,8
M,259,Length,0.38
M,259,Diameter,0.29
M,259,Height,0.12
M,259,Whole_Weight,0.283
M,259,Shucked_Weight,0.1175
M,259,Viscera_Weight,0.0655
M,259,Shell_Weight,0.085
M,259,NumberRings,9
I,260,Length,0.365
I,260,Diameter,0.27
I,260,Height,0.085
I,260,Whole_Weight,0.2225
I,260,Shucked_Weight,0.0935
I,260,Viscera_Weight,0.0525
I,260,Shell_Weight,0.066
I,260,NumberRings,7
F,261,Length,0.65
F,261,Diameter,0.545
F,261,Height,0.165
F,261,Whole_Weight,1.566
F,261,Shucked_Weight,0.6645
F,261,Viscera_Weight,0.3455
F,261,Shell_Weight,0.415
F,261,NumberRings,16
M,262,Length,0.57
M,262,Diameter,0.45
M,262,Height,0.14
M,262,Whole_Weight,0.795
M,262,Shucked_Weight,0.3385
M,262,Viscera_Weight,0.148
M,262,Shell_Weight,0.245
M,262,NumberRings,9
I,263,Length,0.325
I,263,Diameter,0.245
I,263,Height,0.07
I,263,Whole_Weight,0.161
I,263,Shucked_Weight,0.0755
I,263,Viscera_Weight,0.0255
I,263,Shell_Weight,0.045
I,263,NumberRings,6
I,264,Length,0.32
I,264,Diameter,0.24
I,264,Height,0.09
I,264,Whole_Weight,0.1575
I,264,Shucked_Weight,0.07
I,264,Viscera_Weight,0.0265
I,264,Shell_Weight,0.0425
I,264,NumberRings,5
M,265,Length,0.68
M,265,Diameter,0.54
M,265,Height,0.155
M,265,Whole_Weight,1.534
M,265,Shucked_Weight,0.671
M,265,Viscera_Weight,0.379
M,265,Shell_Weight,0.384
M,265,NumberRings,10
I,266,Length,0.355
I,266,Diameter,0.285
I,266,Height,0.095
I,266,Whole_Weight,0.2275
I,266,Shucked_Weight,0.0955
I,266,Viscera_Weight,0.0475
I,266,Shell_Weight,0.0715
I,266,NumberRings,6
M,267,Length,0.5
M,267,Diameter,0.375
M,267,Height,0.145
M,267,Whole_Weight,0.6215
M,267,Shucked_Weight,0.274
M,267,Viscera_Weight,0.166
M,267,Shell_Weight,0.1485
M,267,NumberRings,7
M,268,Length,0.57
M,268,Diameter,0.44
M,268,Height,0.095
M,268,Whole_Weight,0.827
M,268,Shucked_Weight,0.3395
M,268,Viscera_Weight,0.2215
M,268,Shell_Weight,0.235
M,268,NumberRings,8
M,269,Length,0.71
M,269,Diameter,0.575
M,269,Height,0.215
M,269,Whole_Weight,2.009
M,269,Shucked_Weight,0.9895
M,269,Viscera_Weight,0.4475
M,269,Shell_Weight,0.502
M,269,NumberRings,11
I,270,Length,0.45
I,270,Diameter,0.35
I,270,Height,0.145
I,270,Whole_Weight,0.525
I,270,Shucked_Weight,0.2085
I,270,Viscera_Weight,0.1
I,270,Shell_Weight,0.1655
I,270,NumberRings,15
M,271,Length,0.5
M,271,Diameter,0.4
M,271,Height,0.145
M,271,Whole_Weight,0.6025
M,271,Shucked_Weight,0.216
M,271,Viscera_Weight,0.138
M,271,Shell_Weight,0.21
M,271,NumberRings,11
M,272,Length,0.545
M,272,Diameter,0.41
M,272,Height,0.12
M,272,Whole_Weight,0.793
M,272,Shucked_Weight,0.434
M,272,Viscera_Weight,0.1405
M,272,Shell_Weight,0.19
M,272,NumberRings,9
M,273,Length,0.59
M,273,Diameter,0.435
M,273,Height,0.165
M,273,Whole_Weight,0.9765
M,273,Shucked_Weight,0.4525
M,273,Viscera_Weight,0.2395
M,273,Shell_Weight,0.235
M,273,NumberRings,9
M,274,Length,0.66
M,274,Diameter,0.53
M,274,Height,0.17
M,274,Whole_Weight,1.3905
M,274,Shucked_Weight,0.5905
M,274,Viscera_Weight,0.212
M,274,Shell_Weight,0.453
M,274,NumberRings,15
F,275,Length,0.605
F,275,Diameter,0.47
F,275,Height,0.155
F,275,Whole_Weight,0.974
F,275,Shucked_Weight,0.393
F,275,Viscera_Weight,0.224
F,275,Shell_Weight,0.3345
F,275,NumberRings,9
M,276,Length,0.64
M,276,Diameter,0.515
M,276,Height,0.165
M,276,Whole_Weight,1.369
M,276,Shucked_Weight,0.632
M,276,Viscera_Weight,0.3415
M,276,Shell_Weight,0.358
M,276,NumberRings,10
M,277,Length,0.575
M,277,Diameter,0.45
M,277,Height,0.155
M,277,Whole_Weight,0.948
M,277,Shucked_Weight,0.429
M,277,Viscera_Weight,0.206
M,277,Shell_Weight,0.259
M,277,NumberRings,7
M,278,Length,0.61
M,278,Diameter,0.46
M,278,Height,0.16
M,278,Whole_Weight,1
M,278,Shucked_Weight,0.494
M,278,Viscera_Weight,0.197
M,278,Shell_Weight,0.275
M,278,NumberRings,10
I,279,Length,0.23
I,279,Diameter,0.18
I,279,Height,0.05
I,279,Whole_Weight,0.064
I,279,Shucked_Weight,0.0215
I,279,Viscera_Weight,0.0135
I,279,Shell_Weight,0.02
I,279,NumberRings,5
I,280,Length,0.435
I,280,Diameter,0.34
I,280,Height,0.11
I,280,Whole_Weight,0.3795
I,280,Shucked_Weight,0.1495
I,280,Viscera_Weight,0.085
I,280,Shell_Weight,0.12
I,280,NumberRings,8
I,281,Length,0.49
I,281,Diameter,0.4
I,281,Height,0.135
I,281,Whole_Weight,0.624
I,281,Shucked_Weight,0.3035
I,281,Viscera_Weight,0.1285
I,281,Shell_Weight,0.169
I,281,NumberRings,8
F,282,Length,0.525
F,282,Diameter,0.44
F,282,Height,0.15
F,282,Whole_Weight,0.8425
F,282,Shucked_Weight,0.3685
F,282,Viscera_Weight,0.1985
F,282,Shell_Weight,0.24
F,282,NumberRings,12
I,283,Length,0.46
I,283,Diameter,0.35
I,283,Height,0.11
I,283,Whole_Weight,0.3945
I,283,Shucked_Weight,0.1685
I,283,Viscera_Weight,0.0865
I,283,Shell_Weight,0.125
I,283,NumberRings,9
I,284,Length,0.365
I,284,Diameter,0.295
I,284,Height,0.095
I,284,Whole_Weight,0.25
I,284,Shucked_Weight,0.1075
I,284,Viscera_Weight,0.0545
I,284,Shell_Weight,0.08
I,284,NumberRings,9
I,285,Length,0.5
I,285,Diameter,0.38
I,285,Height,0.11
I,285,Whole_Weight,0.5605
I,285,Shucked_Weight,0.28
I,285,Viscera_Weight,0.106
I,285,Shell_Weight,0.15
I,285,NumberRings,9
M,286,Length,0.565
M,286,Diameter,0.45
M,286,Height,0.14
M,286,Whole_Weight,1.0055
M,286,Shucked_Weight,0.3785
M,286,Viscera_Weight,0.244
M,286,Shell_Weight,0.265
M,286,NumberRings,12
F,287,Length,0.7
F,287,Diameter,0.555
F,287,Height,0.22
F,287,Whole_Weight,1.666
F,287,Shucked_Weight,0.647
F,287,Viscera_Weight,0.4285
F,287,Shell_Weight,0.455
F,287,NumberRings,11
M,288,Length,0.575
M,288,Diameter,0.445
M,288,Height,0.14
M,288,Whole_Weight,0.737
M,288,Shucked_Weight,0.325
M,288,Viscera_Weight,0.1405
M,288,Shell_Weight,0.237
M,288,NumberRings,10
F,289,Length,0.655
F,289,Diameter,0.5
F,289,Height,0.14
F,289,Whole_Weight,1.1705
F,289,Shucked_Weight,0.5405
F,289,Viscera_Weight,0.3175
F,289,Shell_Weight,0.285
F,289,NumberRings,12
I,290,Length,0.495
I,290,Diameter,0.37
I,290,Height,0.125
I,290,Whole_Weight,0.4775
I,290,Shucked_Weight,0.185
I,290,Viscera_Weight,0.0705
I,290,Shell_Weight,0.169
I,290,NumberRings,18
F,291,Length,0.5
F,291,Diameter,0.44
F,291,Height,0.155
F,291,Whole_Weight,0.742
F,291,Shucked_Weight,0.2025
F,291,Viscera_Weight,0.2005
F,291,Shell_Weight,0.2115
F,291,NumberRings,14
M,292,Length,0.615
M,292,Diameter,0.495
M,292,Height,0.155
M,292,Whole_Weight,1.2865
M,292,Shucked_Weight,0.435
M,292,Viscera_Weight,0.293
M,292,Shell_Weight,0.3245
M,292,NumberRings,11
F,293,Length,0.725
F,293,Diameter,0.58
F,293,Height,0.185
F,293,Whole_Weight,1.523
F,293,Shucked_Weight,0.8045
F,293,Viscera_Weight,0.3595
F,293,Shell_Weight,0.4375
F,293,NumberRings,9
M,294,Length,0.735
M,294,Diameter,0.585
M,294,Height,0.185
M,294,Whole_Weight,2.124
M,294,Shucked_Weight,0.952
M,294,Viscera_Weight,0.55
M,294,Shell_Weight,0.5
M,294,NumberRings,11
M,295,Length,0.5
M,295,Diameter,0.4
M,295,Height,0.125
M,295,Whole_Weight,0.6725
M,295,Shucked_Weight,0.336
M,295,Viscera_Weight,0.12
M,295,Shell_Weight,0.1825
M,295,NumberRings,7
I,296,Length,0.37
I,296,Diameter,0.28
I,296,Height,0.09
I,296,Whole_Weight,0.233
I,296,Shucked_Weight,0.0905
I,296,Viscera_Weight,0.0545
I,296,Shell_Weight,0.07
I,296,NumberRings,11
M,297,Length,0.485
M,297,Diameter,0.39
M,297,Height,0.135
M,297,Whole_Weight,0.617
M,297,Shucked_Weight,0.25
M,297,Viscera_Weight,0.1345
M,297,Shell_Weight,0.1635
M,297,NumberRings,8
M,298,Length,0.405
M,298,Diameter,0.305
M,298,Height,0.085
M,298,Whole_Weight,0.2605
M,298,Shucked_Weight,0.1145
M,298,Viscera_Weight,0.0595
M,298,Shell_Weight,0.085
M,298,NumberRings,8
M,299,Length,0.66
M,299,Diameter,0.525
M,299,Height,0.2
M,299,Whole_Weight,1.489
M,299,Shucked_Weight,0.6065
M,299,Viscera_Weight,0.3795
M,299,Shell_Weight,0.421
M,299,NumberRings,10
F,300,Length,0.585
F,300,Diameter,0.45
F,300,Height,0.145
F,300,Whole_Weight,0.9835
F,300,Shucked_Weight,0.4845
F,300,Viscera_Weight,0.242
F,300,Shell_Weight,0.22
F,300,NumberRings,9
I,301,Length,0.46
I,301,Diameter,0.36
I,301,Height,0.14
I,301,Whole_Weight,0.447
I,301,Shucked_Weight,0.161
I,301,Viscera_Weight,0.087
I,301,Shell_Weight,0.16
I,301,NumberRings,9
F,302,Length,0.675
F,302,Diameter,0.51
F,302,Height,0.185
F,302,Whole_Weight,1.473
F,302,Shucked_Weight,0.6295
F,302,Viscera_Weight,0.3025
F,302,Shell_Weight,0.4245
F,302,NumberRings,11
M,303,Length,0.71
M,303,Diameter,0.56
M,303,Height,0.175
M,303,Whole_Weight,1.724
M,303,Shucked_Weight,0.566
M,303,Viscera_Weight,0.4575
M,303,Shell_Weight,0.4625
M,303,NumberRings,13
F,304,Length,0.435
F,304,Diameter,0.35
F,304,Height,0.105
F,304,Whole_Weight,0.4195
F,304,Shucked_Weight,0.194
F,304,Viscera_Weight,0.1005
F,304,Shell_Weight,0.13
F,304,NumberRings,7
F,305,Length,0.58
F,305,Diameter,0.445
F,305,Height,0.145
F,305,Whole_Weight,0.888
F,305,Shucked_Weight,0.41
F,305,Viscera_Weight,0.1815
F,305,Shell_Weight,0.2425
F,305,NumberRings,8
F,306,Length,0.66
F,306,Diameter,0.53
F,306,Height,0.18
F,306,Whole_Weight,1.5175
F,306,Shucked_Weight,0.7765
F,306,Viscera_Weight,0.302
F,306,Shell_Weight,0.401
F,306,NumberRings,10
I,307,Length,0.36
I,307,Diameter,0.27
I,307,Height,0.09
I,307,Whole_Weight,0.232
I,307,Shucked_Weight,0.12
I,307,Viscera_Weight,0.0435
I,307,Shell_Weight,0.056
I,307,NumberRings,8
M,308,Length,0.4
M,308,Diameter,0.305
M,308,Height,0.13
M,308,Whole_Weight,0.2935
M,308,Shucked_Weight,0.096
M,308,Viscera_Weight,0.0675
M,308,Shell_Weight,0.105
M,308,NumberRings,9
M,309,Length,0.71
M,309,Diameter,0.56
M,309,Height,0.22
M,309,Whole_Weight,2.015
M,309,Shucked_Weight,0.9215
M,309,Viscera_Weight,0.454
M,309,Shell_Weight,0.566
M,309,NumberRings,11
M,310,Length,0.615
M,310,Diameter,0.47
M,310,Height,0.16
M,310,Whole_Weight,1.0175
M,310,Shucked_Weight,0.473
M,310,Viscera_Weight,0.2395
M,310,Shell_Weight,0.28
M,310,NumberRings,10
I,311,Length,0.4
I,311,Diameter,0.3
I,311,Height,0.11
I,311,Whole_Weight,0.315
I,311,Shucked_Weight,0.109
I,311,Viscera_Weight,0.067
I,311,Shell_Weight,0.12
I,311,NumberRings,9
F,312,Length,0.59
F,312,Diameter,0.455
F,312,Height,0.15
F,312,Whole_Weight,0.976
F,312,Shucked_Weight,0.465
F,312,Viscera_Weight,0.2055
F,312,Shell_Weight,0.2765
F,312,NumberRings,10
M,313,Length,0.525
M,313,Diameter,0.395
M,313,Height,0.13
M,313,Whole_Weight,0.7635
M,313,Shucked_Weight,0.3375
M,313,Viscera_Weight,0.1425
M,313,Shell_Weight,0.225
M,313,NumberRings,8
M,314,Length,0.69
M,314,Diameter,0.55
M,314,Height,0.2
M,314,Whole_Weight,1.8465
M,314,Shucked_Weight,0.732
M,314,Viscera_Weight,0.472
M,314,Shell_Weight,0.57
M,314,NumberRings,19
M,315,Length,0.57
M,315,Diameter,0.43
M,315,Height,0.12
M,315,Whole_Weight,1.0615
M,315,Shucked_Weight,0.348
M,315,Viscera_Weight,0.167
M,315,Shell_Weight,0.31
M,315,NumberRings,15
I,316,Length,0.37
I,316,Diameter,0.275
I,316,Height,0.1
I,316,Whole_Weight,0.2815
I,316,Shucked_Weight,0.1505
I,316,Viscera_Weight,0.0505
I,316,Shell_Weight,0.068
I,316,NumberRings,5
M,317,Length,0.68
M,317,Diameter,0.535
M,317,Height,0.185
M,317,Whole_Weight,1.607
M,317,Shucked_Weight,0.7245
M,317,Viscera_Weight,0.3215
M,317,Shell_Weight,0.498
M,317,NumberRings,12
F,318,Length,0.625
F,318,Diameter,0.42
F,318,Height,0.165
F,318,Whole_Weight,1.0595
F,318,Shucked_Weight,0.358
F,318,Viscera_Weight,0.165
F,318,Shell_Weight,0.445
F,318,NumberRings,21
F,319,Length,0.57
F,319,Diameter,0.45
F,319,Height,0.18
F,319,Whole_Weight,0.908
F,319,Shucked_Weight,0.4015
F,319,Viscera_Weight,0.217
F,319,Shell_Weight,0.255
F,319,NumberRings,9
M,320,Length,0.635
M,320,Diameter,0.525
M,320,Height,0.205
M,320,Whole_Weight,1.484
M,320,Shucked_Weight,0.55
M,320,Viscera_Weight,0.3115
M,320,Shell_Weight,0.43
M,320,NumberRings,20
I,321,Length,0.42
I,321,Diameter,0.33
I,321,Height,0.1
I,321,Whole_Weight,0.352
I,321,Shucked_Weight,0.1635
I,321,Viscera_Weight,0.089
I,321,Shell_Weight,0.1
I,321,NumberRings,9
I,322,Length,0.165
I,322,Diameter,0.12
I,322,Height,0.03
I,322,Whole_Weight,0.0215
I,322,Shucked_Weight,0.007
I,322,Viscera_Weight,0.005
I,322,Shell_Weight,0.005
I,322,NumberRings,3
M,323,Length,0.345
M,323,Diameter,0.27
M,323,Height,0.09
M,323,Whole_Weight,0.195
M,323,Shucked_Weight,0.078
M,323,Viscera_Weight,0.0455
M,323,Shell_Weight,0.059
M,323,NumberRings,9
I,324,Length,0.54
I,324,Diameter,0.42
I,324,Height,0.14
I,324,Whole_Weight,0.7265
I,324,Shucked_Weight,0.3205
I,324,Viscera_Weight,0.1445
I,324,Shell_Weight,0.229
I,324,NumberRings,9
F,325,Length,0.62
F,325,Diameter,0.5
F,325,Height,0.175
F,325,Whole_Weight,1.186
F,325,Shucked_Weight,0.4985
F,325,Viscera_Weight,0.3015
F,325,Shell_Weight,0.35
F,325,NumberRings,12
F,326,Length,0.66
F,326,Diameter,0.495
F,326,Height,0.21
F,326,Whole_Weight,1.548
F,326,Shucked_Weight,0.724
F,326,Viscera_Weight,0.3525
F,326,Shell_Weight,0.3925
F,326,NumberRings,10
M,327,Length,0.5
M,327,Diameter,0.39
M,327,Height,0.145
M,327,Whole_Weight,0.651
M,327,Shucked_Weight,0.273
M,327,Viscera_Weight,0.132
M,327,Shell_Weight,0.22
M,327,NumberRings,11
M,328,Length,0.54
M,328,Diameter,0.41
M,328,Height,0.13
M,328,Whole_Weight,0.56
M,328,Shucked_Weight,0.2375
M,328,Viscera_Weight,0.1065
M,328,Shell_Weight,0.175
M,328,NumberRings,7
I,329,Length,0.56
I,329,Diameter,0.445
I,329,Height,0.15
I,329,Whole_Weight,0.8225
I,329,Shucked_Weight,0.3685
I,329,Viscera_Weight,0.187
I,329,Shell_Weight,0.236
I,329,NumberRings,10
I,330,Length,0.46
I,330,Diameter,0.355
I,330,Height,0.11
I,330,Whole_Weight,0.4255
I,330,Shucked_Weight,0.2015
I,330,Viscera_Weight,0.081
I,330,Shell_Weight,0.13
I,330,NumberRings,7
I,331,Length,0.54
I,331,Diameter,0.42
I,331,Height,0.14
I,331,Whole_Weight,0.6665
I,331,Shucked_Weight,0.3125
I,331,Viscera_Weight,0.138
I,331,Shell_Weight,0.1895
I,331,NumberRings,10
I,332,Length,0.62
I,332,Diameter,0.475
I,332,Height,0.16
I,332,Whole_Weight,0.907
I,332,Shucked_Weight,0.371
I,332,Viscera_Weight,0.167
I,332,Shell_Weight,0.3075
I,332,NumberRings,11
M,333,Length,0.695
M,333,Diameter,0.53
M,333,Height,0.15
M,333,Whole_Weight,1.477
M,333,Shucked_Weight,0.6375
M,333,Viscera_Weight,0.3025
M,333,Shell_Weight,0.43
M,333,NumberRings,14
I,334,Length,0.425
I,334,Diameter,0.34
I,334,Height,0.1
I,334,Whole_Weight,0.3515
I,334,Shucked_Weight,0.1625
I,334,Viscera_Weight,0.082
I,334,Shell_Weight,0.094
I,334,NumberRings,7
M,335,Length,0.64
M,335,Diameter,0.525
M,335,Height,0.2
M,335,Whole_Weight,1.3765
M,335,Shucked_Weight,0.44
M,335,Viscera_Weight,0.3075
M,335,Shell_Weight,0.47
M,335,NumberRings,16
F,336,Length,0.45
F,336,Diameter,0.35
F,336,Height,0.145
F,336,Whole_Weight,0.5425
F,336,Shucked_Weight,0.1765
F,336,Viscera_Weight,0.123
F,336,Shell_Weight,0.175
F,336,NumberRings,13
F,337,Length,0.435
F,337,Diameter,0.395
F,337,Height,0.105
F,337,Whole_Weight,0.3635
F,337,Shucked_Weight,0.136
F,337,Viscera_Weight,0.098
F,337,Shell_Weight,0.13
F,337,NumberRings,9
F,338,Length,0.64
F,338,Diameter,0.515
F,338,Height,0.165
F,338,Whole_Weight,1.3115
F,338,Shucked_Weight,0.4945
F,338,Viscera_Weight,0.2555
F,338,Shell_Weight,0.41
F,338,NumberRings,10
M,339,Length,0.605
M,339,Diameter,0.485
M,339,Height,0.175
M,339,Whole_Weight,1.145
M,339,Shucked_Weight,0.4325
M,339,Viscera_Weight,0.27
M,339,Shell_Weight,0.405
M,339,NumberRings,16
F,340,Length,0.47
F,340,Diameter,0.365
F,340,Height,0.12
F,340,Whole_Weight,0.543
F,340,Shucked_Weight,0.2295
F,340,Viscera_Weight,0.1495
F,340,Shell_Weight,0.15
F,340,NumberRings,9
F,341,Length,0.65
F,341,Diameter,0.51
F,341,Height,0.185
F,341,Whole_Weight,1.375
F,341,Shucked_Weight,0.531
F,341,Viscera_Weight,0.384
F,341,Shell_Weight,0.3985
F,341,NumberRings,10
M,342,Length,0.58
M,342,Diameter,0.455
M,342,Height,0.13
M,342,Whole_Weight,0.852
M,342,Shucked_Weight,0.41
M,342,Viscera_Weight,0.1725
M,342,Shell_Weight,0.225
M,342,NumberRings,8
F,343,Length,0.58
F,343,Diameter,0.475
F,343,Height,0.165
F,343,Whole_Weight,1.0385
F,343,Shucked_Weight,0.414
F,343,Viscera_Weight,0.26
F,343,Shell_Weight,0.305
F,343,NumberRings,13
M,344,Length,0.52
M,344,Diameter,0.39
M,344,Height,0.12
M,344,Whole_Weight,0.6435
M,344,Shucked_Weight,0.2885
M,344,Viscera_Weight,0.157
M,344,Shell_Weight,0.161
M,344,NumberRings,7
M,345,Length,0.615
M,345,Diameter,0.475
M,345,Height,0.175
M,345,Whole_Weight,1.224
M,345,Shucked_Weight,0.6035
M,345,Viscera_Weight,0.261
M,345,Shell_Weight,0.311
M,345,NumberRings,9
I,346,Length,0.29
I,346,Diameter,0.21
I,346,Height,0.06
I,346,Whole_Weight,0.1195
I,346,Shucked_Weight,0.056
I,346,Viscera_Weight,0.0235
I,346,Shell_Weight,0.03
I,346,NumberRings,6
M,347,Length,0.61
M,347,Diameter,0.49
M,347,Height,0.15
M,347,Whole_Weight,1.103
M,347,Shucked_Weight,0.425
M,347,Viscera_Weight,0.2025
M,347,Shell_Weight,0.36
M,347,NumberRings,23
F,348,Length,0.75
F,348,Diameter,0.615
F,348,Height,0.205
F,348,Whole_Weight,2.2635
F,348,Shucked_Weight,0.821
F,348,Viscera_Weight,0.423
F,348,Shell_Weight,0.726
F,348,NumberRings,12
M,349,Length,0.705
M,349,Diameter,0.56
M,349,Height,0.22
M,349,Whole_Weight,1.981
M,349,Shucked_Weight,0.8175
M,349,Viscera_Weight,0.3085
M,349,Shell_Weight,0.76
M,349,NumberRings,14
M,350,Length,0.695
M,350,Diameter,0.56
M,350,Height,0.19
M,350,Whole_Weight,1.494
M,350,Shucked_Weight,0.588
M,350,Viscera_Weight,0.3425
M,350,Shell_Weight,0.485
M,350,NumberRings,15
